{
  "threshold": 0.35000000000000003,
  "best_val_f1": 0.5910931174089069
}