{
  "best_model": "XGBoost",
  "threshold": "N/A (Cross-Validation)",
  "val_metrics": {},
  "test_metrics": {
    "accuracy": 0.6335403726708074,
    "precision": 0.4411764705882353,
    "recall": 0.5882352941176471,
    "f1": 0.5042016806722689,
    "auc": 0.6796791443850267
  }
}