{
  "best_model": "XGBoost",
  "threshold": 0.32,
  "val_metrics": {
    "accuracy": 0.6280701754385964,
    "precision": 0.4883720930232558,
    "recall": 0.8235294117647058,
    "f1": 0.6131386861313869,
    "auc": 0.7609021750776813
  },
  "test_metrics": {
    "accuracy": 0.5824561403508772,
    "precision": 0.449438202247191,
    "recall": 0.7920792079207921,
    "f1": 0.5734767025089605,
    "auc": 0.7366013775290573
  }
}